{"cameraMode":{"drawMode":0,"name":"Shaded","section":"Shading Mode"},"sceneLighting":false,"audioPlay":false,"sceneViewState":{"m_AlwaysRefresh":false,"showFog":true,"showSkybox":false,"showFlares":true,"showImageEffects":true,"showParticleSystems":true,"showVisualEffectGraphs":true,"m_FxEnabled":true},"in2DMode":false,"pivot":{"x":0.10625505447387696,"y":1.7881393432617188e-7,"z":-0.04527932405471802},"rotation":{"x":-0.07442811131477356,"y":-0.8774764537811279,"z":0.14475950598716737,"w":-0.45115816593170168},"size":1.37621009349823,"orthographic":false}